vintage_year,total_EL,avg_PD,actual_default_rate
2015.0,12932181.986647086,0.20271829583078083,0.20193606483565962
